familia,cantidad,,
1,10624,10624,12346
2,771,1542,0.139478374
3,52,156,
4,6,24,
,829,1722,
,,,
,,,
,,,
3,,,
0.816496581,,,
